id,dimension,severity,title,location,root_cause,proposed_fix,status,commit,verification
AUD-004,build/quality,critical,"AndroidManifest.xml XML comment contains illegal double hyphen: all Android builds fail",android/app/src/main/AndroidManifest.xml:4,"Comment contained `--` (flutter build apk --release); XML forbids `--` in comments so ManifestMerger threw SAXParseException and every Android build failed.","Reword comment to remove the `--` sequence.",fixed,e7f3839,"flutter build apk --debug exit 0; APK built (was exit 1 ManifestMerger2.MergeFailureException)"
AUD-003,code_quality,high,"Truncated test file: admin customer-directory test has no main()",test/features/admin/data/admin_customer_directory_test.dart:1-86,"File has imports/doc/mocks but no main(); dart test reports 'Missing definition of main method'; produced all 4 baseline analyzer warnings; the documented profiles.email regression was unguarded.","Reconstruct main() with exact-column fetchCustomers tests and RPC-based getOrderDetails tests.",fixed,ded0bb4,"5/5 tests pass; flutter analyze clean (4 warnings removed)"
AUD-001,code_quality,high,"App-lock tests never provided a Directionality ancestor (8/8 failed)",test/shared/components/app_lock_gate_test.dart:23-27,"Harness pumped AppLockGate with a raw Scaffold with no MaterialApp/Directionality ancestor; every test threw 'No Directionality widget found'.","Wrap the pumped tree in MaterialApp.",fixed,9884592,"8/8 tests pass (baseline 0/8)"
AUD-002,security,high,"App-lock sign-out escape caught only Exception; a thrown Error crashed the lock screen instead of staying fail-closed",lib/shared/components/app_lock_gate.dart:143-151,"Contract: failed sign-out keeps app locked. `on Exception` did not catch Error (StateError), which escaped unawaited() as an unhandled async error and crashed the lock screen.","Catch Object at the boundary, log, and return without unlocking.",fixed,9884592,"no-bypass test passes; lock retained"
AUD-006,performance,medium,"PaymentStatusWatcher never closed its StreamController on unsubscribe",lib/features/payments/data/payment_status_watcher.dart:143-147,"onCancel cancelled the timer/channel but never closed the controller, so it survived until GC per payment watch.","Close the controller in onCancel (isClosed-guarded).",fixed,f8c6f45,"flutter analyze clean; 105 payment tests pass"
AUD-005,code_quality,low,"dart format drift across 7 files (4 first-party lib files)","lib/app.dart, lib/features/admin/presentation/pages/admin_customers_page.dart, lib/features/storefront/data/supabase_catalog_repository.dart, +4 test files","Edits landed without running dart format; formatter gate red and diff noise added.","Run dart format over lib and test.",fixed,e78ca6e,"dart format --set-exit-if-changed exit 0"
AUD-010,code_quality,low,"Stale TODO claiming cached_network_image still needs adding",lib/features/storefront/data/product_mapper.dart:82,"TODO referenced work already delivered by ProductImageResolver/AppImage (CachedNetworkImage).","Remove the TODO; point to where caching lives.",fixed,5d494ae,"flutter analyze clean; storefront tests pass"
AUD-008,security,medium,"Admin customer directory filtered by RLS because the referenced 061 policy migration does not exist",lib/features/admin/data/supabase_admin_repository.dart (fetchCustomers); supabase/migrations (no 061),"profiles grants SELECT only for auth.uid()=id, so the directory shows only the caller's row; no leak, but silent under-reporting. Referenced proposal file was absent.","Ship review-gated SQL proposal adding an admin-only SELECT policy (SECURITY DEFINER helper).",migration-shipped-db-apply-pending,445d3fa,"Owner chose route (a); supabase/migrations/061_admin_profiles_read.sql now exists with provenance notes. Not applied to any DB (config.toml pinned to production-parity ref) - apply on staging and verify the admin Customers list."
AUD-009,maintainability,low,"Unpinned dependency constraint `http: any` in dev_dependencies",pubspec.yaml:47,"`any` accepts future majors; a fresh pub get can pull breaking releases and bypasses the repo's pinning discipline.","Pin to ^1.2.0 or remove if unused.",fixed,48462d9,"pubspec.yaml pins http: ^1.2.0; gates re-proven on the merge head (analyze 0, 888/888, APK builds)"
AUD-011,maintainability,low,"Documented TODO requires a schema field to resolve (catalog colour names)",lib/features/storefront/domain/entities/catalog_filters.dart:28-40,"catalogColorName maps hardcoded ARGB ints; the fix needs a Product.colorName column (DB decision).","Add products.color_name / lookup table and read via mapper, keeping the 'Other' fallback.",documented-residual,,"Fallback `?? 'Other'` confirmed present"
AUD-012,maintainability,info,"Hardcoded English strings in the admin console and invoice PDF","lib/features/admin/presentation/pages/* (9 sites); lib/features/admin/domain/invoice/invoice_pdf_builder.dart:74-94","Admin console and invoice document deliberately bypass l10n (documented inline).","Add ARB keys + context.l10n if Arabic-speaking staff use the console; invoice PDF needs locale plumbing.",reviewed-waived,,"Inline comments confirm intent; storefront/user-facing copy fully localized"
AUD-013,maintainability,info,".gitignore lists lib/generated/ while those generated l10n files are tracked",".gitignore (Generated) vs lib/generated/l10n/*.dart","Ignore rules cannot apply to tracked files; the contradiction may surprise contributors.","Document the exception next to the rule or add !lib/generated/l10n/.",documented-residual,,"git ls-files lib/generated -> 3 tracked files"
AUD-014,security,medium,"Tracked staging config contains a real committed Supabase anon JWT",config/env.staging.json:3,"Repo convention (per .gitignore) is that committed templates hold placeholders and real values live in gitignored *.local.json. env.production.json honours it; env.staging.json held a genuine 208-char JWT (role=anon) introduced by d50a181. Anon keys are public-by-design and RLS-gated, so no direct exploit path - the risks are the broken convention and dependence on RLS completeness.","Replace the tracked value with a placeholder, keep the real key in config/env.staging.local.json, and rotate the staging anon key since it is in git history.",remediated-in-tree-rotation-pending,ebe381b,"Verified: tracked template now holds a 29-char REPLACE_ placeholder (0 non-ASCII bytes). REMAINING: rotate the key in the Supabase dashboard - the old value is still in git history."
AUD-015,repo_integrity,high,"Corrupt/unsorted .git/packed-refs breaks git clone of the repository",".git/packed-refs:10 (refs/heads/audit-remediation)","packed-refs was unsorted (packedRefUnsorted) and the same ref also existed as a loose ref with a different SHA, so git reported 'multiple updates for ref'. Fresh clones, CI checkouts and new worktrees failed. Discovered by the audit, not caused by it.","Back up .git/packed-refs, resolve which SHA is the real audit-remediation tip, remove the duplicate/stale definition, re-sort the file, then git pack-refs --all and git fsck --full.",fixed,,"Owner removed the stale duplicate (kept tip 447f645, backup at .git/packed-refs.bak); auditor verified git show-ref lists the ref once and git clone --local --no-hardlinks exits 0"
